{
  "accuracy": 0.25,
  "f1_macro": 0.1,
  "cohen_kappa": 0.0,
  "accuracy_ci": [
    0.21463794581011963,
    0.28536205418988037
  ],
  "f1_ci": [
    0.07550045019324933,
    0.12449954980675068
  ],
  "kappa_ci": [
    0,
    0.0
  ]
}